,count,mean,std,min,25%,50%,75%,max
mpg,392.0,23.445918367346938,7.805007486571799,9.0,17.0,22.75,29.0,46.6
cylinders,392.0,5.471938775510204,1.7057832474527843,3.0,4.0,4.0,8.0,8.0
displacement,392.0,194.41198979591837,104.64400390890465,68.0,105.0,151.0,275.75,455.0
horsepower,392.0,104.46938775510205,38.49115993282855,46.0,75.0,93.5,126.0,230.0
weight,392.0,2977.5841836734694,849.4025600429494,1613.0,2225.25,2803.5,3614.75,5140.0
acceleration,392.0,15.541326530612244,2.7588641191880816,8.0,13.775,15.5,17.025,24.8
year,392.0,75.9795918367347,3.6837365435778318,70.0,73.0,76.0,79.0,82.0
origin,392.0,1.5765306122448979,0.805518183418305,1.0,1.0,1.0,2.0,3.0
