model,cv_accuracy_mean,cv_accuracy_std,cv_balanced_accuracy_mean,cv_balanced_accuracy_std,cv_precision_macro_mean,cv_precision_macro_std,cv_recall_macro_mean,cv_recall_macro_std,cv_f1_macro_mean,cv_f1_macro_std,cv_roc_auc_mean,cv_roc_auc_std
GradientBoosting,0.792125334982478,0.057502987666983724,0.6953780433694903,0.07803212645927461,0.797625554238102,0.10024526440274097,0.6953780433694903,0.07803212645927461,0.711501337093632,0.09601716274074265,0.7739763705193199,0.0888584987416907
AdaBoost,0.7860441146155432,0.062411340164848055,0.6947576160941027,0.07821921584591389,0.7891579846070874,0.10775771775089155,0.6947576160941027,0.07821921584591389,0.7088050596089669,0.09651069689737778,0.7321244583533943,0.09834084277303409
SoftVoting,0.7839620696763554,0.06224748280093764,0.6912728577227714,0.08011774019110003,0.784766449304023,0.09974306491842144,0.6912728577227714,0.08011774019110003,0.7048631923114457,0.0975961808351474,0.7783906369480869,0.08900999208563834
RandomForest,0.7759018759018759,0.05662598359617697,0.6925189045285904,0.07702922318019924,0.7627202765141403,0.08285519014740278,0.6925189045285904,0.07702922318019924,0.7020897837469067,0.09194735936647964,0.7715513042000623,0.076294601070786
Bagging,0.7656977942692229,0.05717128026627405,0.6815677306069274,0.07694895794565568,0.7395367345787985,0.08832675722860094,0.6815677306069274,0.07694895794565568,0.690665626857038,0.09135433710477611,0.7747957555675136,0.08208793585113329
ExtraTrees,0.7413110698824984,0.062471526935651264,0.6778943517705589,0.06684329937093111,0.7048089562526461,0.07618732195024468,0.6778943517705589,0.06684329937093111,0.6826886942525702,0.07457640894822194,0.7156400162375975,0.08951986138855589
DecisionTree,0.710863739435168,0.07753697351646308,0.6642187544252174,0.07893731785198167,0.6777777655250816,0.11233733403828557,0.6642187544252174,0.07893731785198167,0.6629800259193279,0.08622902143873187,0.6993663560754105,0.10633421986359713
Majority_Baseline,0.686353329210472,0.004427879102043004,0.5,0.0,0.343176664605236,0.002213939551021502,0.5,0.0,0.4070012002282401,0.0015527235831570073,0.5,0.0
