Model,CV_Accuracy_Mean,CV_Macro_F1_Mean,CV_Balanced_Accuracy_Mean
SVM_RBF,0.7833333333333333,0.7902161610778096,0.7917065562967729
RandomForest,0.7791666666666666,0.78655035172796,0.787631042218051
GradientBoosting,0.7416666666666666,0.7485817104468941,0.7465046054364418
LogisticRegression,0.7250000000000001,0.7328488994512765,0.7443886524239371
Majority_Baseline,0.4395833333333334,0.2035658429777917,0.3333333333333333
