gas_type,count,mean,median,std,min,max
E10,160,4.93125,4.8,0.9009559912188869,3.7,10.8
SP98,228,4.899122807017544,4.7,1.1184079003422835,3.3,12.2
