cluster,Europe,Japan,USA
Fuel-efficient and light,0.2328767123287671,0.2705479452054795,0.4965753424657534
High-power and heavy,0.0,0.0,1.0
