cluster,3,4,5,6,8
Fuel-efficient and light,0.0136986301369863,0.6815068493150684,0.010273972602739725,0.2808219178082192,0.0136986301369863
High-power and heavy,0.0,0.0,0.0,0.01,0.99
